Company;ISIN;Symbol;Valor Number;Country;Traded Currency;Trading platform;Class of Share;Nominal Value;Listing Segment;Accounting Rules;Next General Meeting;Annual closing date;Auditors;Sustainability report opting in;International recognized standard;Primary listing;Opting Clause
3M Company;US88579Y1010;MMM;1405105;US;CHF;XSWX;Registered Share;0.01;International Reporting Standard;;;;PricewaterhouseCoopers LLP - US;No;;FALSE;
ABB Ltd;CH0012221716;ABBN;1222171;CH;CHF;XSWX;Registered Share;0.12;International Reporting Standard;US GAAP;27.03.2025;31.12.;KPMG AG - CH[501403];No;;TRUE;
Abbott Laboratories;US0028241000;ABT;903037;US;CHF;XSWX;Registered Share;0.00;International Reporting Standard;;;;Ernst & Young LLP - US;No;;FALSE;
Accelleron Industries AG;CH1169360919;ACLN;116936091;CH;CHF;XSWX;Registered Share;0.01;International Reporting Standard;US GAAP;06.05.2025;31.12.;KPMG AG - CH[501403];No;;TRUE;
Addex Therapeutics Ltd;CH0029850754;ADXN;2985075;CH;CHF;XSWX;Registered Share;0.01;International Reporting Standard;IFRS;;31.12.;BDO AG - CH[500705];No;;TRUE;
Adecco Group AG;CH0012138605;ADEN;1213860;CH;CHF;XSWX;Registered Share;0.10;International Reporting Standard;US GAAP;17.04.2025;31.12.;PricewaterhouseCoopers AG - CH[500003];No;;TRUE;
Adval Tech Holding AG;CH0008967926;ADVN;896792;CH;CHF;XSWX;Registered Share;20.00;Swiss Reporting Standard;Swiss GAAP FER;15.05.2025;31.12.;Deloitte AG - CH[500420];No;;TRUE;
AEVIS VICTORIA SA;CH0478634105;AEVS;47863410;CH;CHF;XSWX;Registered Share;1.00;Swiss Reporting Standard;Swiss GAAP FER;;31.12.;Berney Associés Audit SA - CH[501382];No;;TRUE;
Airesis SA;CH0010947627;AIRE;1094762;CH;CHF;XSWX;Registered Share;0.25;International Reporting Standard;IFRS;16.06.2025;31.12.;FORVIS MAZARS SA - CH[500241];No;;TRUE;Out
Alcon Inc.;CH0432492467;ALC;43249246;CH;CHF;XSWX;Registered Share;0.04;International Reporting Standard;IFRS;06.05.2025;31.12.;PricewaterhouseCoopers AG - CH[500003];No;;TRUE;
Allreal Holding AG;CH0008837566;ALLN;883756;CH;CHF;XSWX;Registered Share;1.00;Standard for Real Estate Companies;Swiss GAAP FER;25.04.2025;31.12.;Ernst & Young AG - CH[500646];Yes;Global Reporting Initiative (GRI);TRUE;
Alpine Select AG;CH0019199550;ALPN;1919955;CH;CHF;XSWX;Registered Share;0.02;Swiss Reporting Standard;Swiss GAAP FER;19.05.2025;31.12.;BDO AG - CH[500705];No;;TRUE;
ALSO Holding AG;CH0024590272;ALSN;2459027;CH;CHF;XSWX;Registered Share;1.00;International Reporting Standard;IFRS;19.03.2025;31.12.;Ernst & Young AG - CH[500646];No;;TRUE;Out
Aluflexpack AG;CH0453226893;AFP;45322689;CH;CHF;XSWX;Registered Share;1.00;International Reporting Standard;IFRS;21.05.2025;31.12.;KPMG AG - CH[501403];No;;TRUE;
ams-OSRAM AG;AT0000A3EPA4;AMS;137918297;AT;CHF;XSWX;Bearer Share;0.00;International Reporting Standard;IFRS;26.06.2025;31.12.;KPMG Wirtschaftsprüfungs- und Steuerberatungs GmbH - AT;Yes;Global Reporting Initiative (GRI);TRUE;
Anglo American plc;GB00B1XZS820;AAM;3186826;GB;CHF;XSWX;Registered Share;0.55;International Reporting Standard;;;;Deloitte & Touche LLP - GB;No;;FALSE;
APG SGA SA;CH0019107025;APGN;1910702;CH;CHF;XSWX;Registered Share;2.60;Swiss Reporting Standard;Swiss GAAP FER;24.04.2025;31.12.;PricewaterhouseCoopers AG - CH[500003];No;;TRUE;
Arbonia AG;CH0110240600;ARBN;11024060;CH;CHF;XSWX;Registered Share;4.20;International Reporting Standard;IFRS;25.04.2025;31.12.;KPMG AG - CH[501403];Yes;Global Reporting Initiative (GRI);TRUE;
ARYZTA AG;CH0043238366;ARYN;4323836;CH;CHF;XSWX;Registered Share;0.02;International Reporting Standard;IFRS;30.04.2025;31.12.;Ernst & Young AG - CH[500646];No;;TRUE;
Ascom Holding AG;CH0011339204;ASCN;1133920;CH;CHF;XSWX;Registered Share;0.50;Swiss Reporting Standard;Swiss GAAP FER;16.04.2025;31.12.;KPMG AG - CH[501403];No;;TRUE;
ASMALLWORLD AG;CH0404880129;ASWN;40488012;CH;CHF;XSWX;Registered Share;1.00;Swiss Reporting Standard;Swiss GAAP FER;25.04.2025;31.12.;PricewaterhouseCoopers AG - CH[500003];No;;TRUE;
Autoneum Holding AG;CH0127480363;AUTN;12748036;CH;CHF;XSWX;Registered Share;0.05;International Reporting Standard;IFRS;02.04.2025;31.12.;KPMG AG - CH[501403];Yes;Global Reporting Initiative (GRI);TRUE;
Avolta AG;CH0023405456;AVOL;2340545;CH;CHF;XSWX;Registered Share;5.00;International Reporting Standard;IFRS;14.05.2025;31.12.;;Yes;Global Reporting Initiative (GRI);TRUE;
Bachem Holding AG;CH1176493729;BANB;117649372;CH;CHF;XSWX;Registered Share;0.01;Swiss Reporting Standard;Swiss GAAP FER;30.04.2025;31.12.;FORVIS MAZARS SA - CH[500241];No;;TRUE;Out
Baloise Holding AG;CH0012410517;BALN;1241051;CH;CHF;XSWX;Registered Share;0.10;International Reporting Standard;IFRS;25.04.2025;31.12.;Ernst & Young AG - CH[500646];No;;TRUE;
Banque Cantonale de Genève;CH0350494719;BCGE;35049471;CH;CHF;XSWX;Registered Share;50.00;Swiss Reporting Standard;Bank law;29.04.2025;31.12.;Deloitte AG - CH[500420];No;;TRUE;
Banque Cantonale du Jura SA;CH0350665672;BCJ;35066567;CH;CHF;XSWX;Registered Share;14.00;Swiss Reporting Standard;Bank law;29.04.2025;31.12.;KPMG AG - CH[501403];No;;TRUE;
Banque Cantonale Vaudoise;CH0531751755;BCVN;53175175;CH;CHF;XSWX;Registered Share;1.00;Swiss Reporting Standard;Bank law;08.05.2025;31.12.;PricewaterhouseCoopers AG - CH[500003];Yes;Global Reporting Initiative (GRI);TRUE;
Barry Callebaut AG;CH0009002962;BARN;900296;CH;CHF;XSWX;Registered Share;0.02;International Reporting Standard;IFRS;10.12.2025;31.08.;KPMG AG - CH[501403];Yes;Global Reporting Initiative (GRI);TRUE;
Basellandschaftliche Kantonalbank;CH0001473559;BLKB;147355;CH;CHF;XSWX;Participation Certificate;100.00;Swiss Reporting Standard;Bank law;13.06.2025;31.12.;PricewaterhouseCoopers AG - CH[500003];Yes;Global Reporting Initiative (GRI);TRUE;
Basilea Pharmaceutica AG, Allschwil;CH0011432447;BSLN;1143244;CH;CHF;XSWX;Registered Share;1.00;International Reporting Standard;US GAAP;16.04.2025;31.12.;PricewaterhouseCoopers AG - CH[500003];No;;TRUE;
Basler Kantonalbank;CH0009236461;BSKP;923646;CH;CHF;XSWX;Participation Certificate;8.50;Swiss Reporting Standard;Bank law;;31.12.;KPMG AG - CH[501403];No;;TRUE;
BB Biotech AG;CH0038389992;BION;3838999;CH;CHF;XSWX;Registered Share;0.20;Standard for Investment Companies;IFRS;19.03.2025;31.12.;Deloitte AG - CH[500420];No;;TRUE;Out
BELIMO Holding AG;CH1101098163;BEAN;110109816;CH;CHF;XSWX;Registered Share;0.05;International Reporting Standard;IFRS;24.03.2025;31.12.;Ernst & Young AG - CH[500646];No;;TRUE;
Bell Food Group AG;CH0315966322;BELL;31596632;CH;CHF;XSWX;Registered Share;0.50;Swiss Reporting Standard;Swiss GAAP FER;08.04.2025;31.12.;KPMG AG - CH[501403];No;;TRUE;
Bellevue Group AG;CH0028422100;BBN;2842210;CH;CHF;XSWX;Registered Share;0.10;International Reporting Standard;IFRS;18.03.2025;31.12.;PricewaterhouseCoopers AG - CH[500003];No;;TRUE;Out
Bergbahnen Engelberg-Trübsee-Titlis AG;CH0527044959;TIBN;52704495;CH;CHF;XSWX;Registered Share;0.04;Standard Sparks;Swiss GAAP FER;;31.10.;BDO AG - CH[500705];No;;TRUE;
Berner Kantonalbank AG;CH0009691608;BEKN;969160;CH;CHF;XSWX;Registered Share;20.00;Swiss Reporting Standard;Bank law;13.05.2025;31.12.;PricewaterhouseCoopers AG - CH[500003];Yes;Global Reporting Initiative (GRI);TRUE;Out
BioVersys AG;CH0210362643;BIOV;21036264;CH;CHF;XSWX;Registered Share;1.00;International Reporting Standard;IFRS;27.06.2025;31.12.;Ernst & Young AG - CH[500646];No;;TRUE;
BKW AG;CH0130293662;BKW;13029366;CH;CHF;XSWX;Registered Share;2.50;International Reporting Standard;IFRS;29.04.2025;31.12.;PricewaterhouseCoopers AG - CH[500003];No;;TRUE;
Bossard Holding AG;CH0238627142;BOSN;23862714;CH;CHF;XSWX;Registered Share;5.00;Swiss Reporting Standard;Swiss GAAP FER;11.04.2025;31.12.;PricewaterhouseCoopers AG - CH[500003];No;;TRUE;
Bucher Industries AG;CH0002432174;BUCN;243217;CH;CHF;XSWX;Registered Share;0.20;Swiss Reporting Standard;Swiss GAAP FER;16.04.2025;31.12.;PricewaterhouseCoopers AG - CH[500003];No;;TRUE;Up
Burckhardt Compression Holding AG;CH0025536027;BCHN;2553602;CH;CHF;XSWX;Registered Share;2.50;Swiss Reporting Standard;Swiss GAAP FER;05.07.2025;31.03.;Ernst & Young AG - CH[500646];No;;TRUE;
Burkhalter Holding AG;CH0212255803;BRKN;21225580;CH;CHF;XSWX;Registered Share;0.04;Swiss Reporting Standard;Swiss GAAP FER;13.05.2025;31.12.;KPMG AG - CH[501403];No;;TRUE;
BVZ Holding AG;CH0008207356;BVZN;820735;CH;CHF;XSWX;Registered Share;100.00;Swiss Reporting Standard;Swiss GAAP FER;09.04.2025;31.12.;BDO AG - CH[500705];No;;TRUE;Up
Bystronic AG;CH0244017502;BYS;24401750;CH;CHF;XSWX;Registered Share;2.00;Swiss Reporting Standard;Swiss GAAP FER;22.04.2025;31.12.;PricewaterhouseCoopers AG - CH[500003];No;;TRUE;Out
Calida Holding AG;CH0126639464;CALN;12663946;CH;CHF;XSWX;Registered Share;0.10;International Reporting Standard;IFRS;08.04.2025;31.12.;KPMG AG - CH[501403];No;;TRUE;
Carlo Gavazzi Holding AG;CH1278877563;GAV;127887756;CH;CHF;XSWX;Registered Share;15.00;International Reporting Standard;IFRS;29.07.2025;31.03.;PricewaterhouseCoopers AG - CH[500003];Yes;Global Reporting Initiative (GRI);TRUE;
Castle Private Equity AG;CH0048854746;CPEN;4885474;CH;CHF;XSWX;Registered Share;0.05;Standard for Investment Companies;IFRS;13.05.2025;31.12.;PricewaterhouseCoopers AG - CH[500003];No;;TRUE;Out
Cembra Money Bank AG;CH0225173167;CMBN;22517316;CH;CHF;XSWX;Registered Share;1.00;International Reporting Standard;US GAAP;24.04.2025;31.12.;KPMG AG - CH[501403];Yes;Global Reporting Initiative (GRI);TRUE;
Chocoladefabriken Lindt & Sprüngli AG;CH0010570759;LISN;1057075;CH;CHF;XSWX;Registered Share;100.00;International Reporting Standard;IFRS;16.04.2025;31.12.;PricewaterhouseCoopers AG - CH[500003];No;;TRUE;
Chocoladefabriken Lindt & Sprüngli AG;CH0010570767;LISP;1057076;CH;CHF;XSWX;Participation Certificate;10.00;International Reporting Standard;IFRS;16.04.2025;31.12.;PricewaterhouseCoopers AG - CH[500003];No;;TRUE;
CI Com SA;CH0001625810;CIE;162581;CH;CHF;XSWX;Bearer Share;20.00;Swiss Reporting Standard;Swiss GAAP FER;;31.12.;;No;;TRUE;Out
Cicor Technologies Ltd.;CH0008702190;CICN;870219;CH;CHF;XSWX;Registered Share;10.00;Swiss Reporting Standard;Swiss GAAP FER;17.04.2025;31.12.;KPMG AG - CH[501403];No;;TRUE;
Clariant AG;CH0012142631;CLN;1214263;CH;CHF;XSWX;Registered Share;1.76;International Reporting Standard;IFRS;01.04.2025;31.12.;KPMG  AG Zürich - CH[059826];No;;TRUE;
COLTENE Holding AG;CH0025343259;CLTN;2534325;CH;CHF;XSWX;Registered Share;0.10;Swiss Reporting Standard;Swiss GAAP FER;23.04.2025;31.12.;Ernst & Young AG - CH[500646];No;;TRUE;
Comet Holding AG;CH0360826991;COTN;36082699;CH;CHF;XSWX;Registered Share;1.00;International Reporting Standard;IFRS;10.04.2025;31.12.;Ernst & Young AG - CH[500646];Yes;Global Reporting Initiative (GRI);TRUE;
Compagnie de Saint-Gobain;FR0000125007;GOB;490580;FR;CHF;XSWX;Bearer Share;4.00;International Reporting Standard;;;;PricewaterhouseCoopers Audit - FR;No;;FALSE;
Compagnie Financière Richemont SA;CH0210483332;CFR;21048333;CH;CHF;XSWX;Registered Share;1.00;International Reporting Standard;IFRS;10.09.2025;31.03.;PricewaterhouseCoopers AG - CH[500003];Yes;Global Reporting Initiative (GRI);TRUE;
Compagnie financière Tradition SA;CH0014345117;CFT;1434511;CH;CHF;XSWX;Bearer Share;2.50;International Reporting Standard;IFRS;22.05.2025;31.12.;KPMG AG - CH[501403];No;;TRUE;
COSMO Pharmaceuticals N.V.;NL0011832936;COPN;32590356;NL;CHF;XSWX;Registered Share;0.26;International Reporting Standard;IFRS;30.05.2025;31.12.;Deloitte Accountants BV - NL;No;;TRUE;Out
CPH Group AG;CH0001624714;CPHN;162471;CH;CHF;XSWX;Registered Share;0.15;Swiss Reporting Standard;Swiss GAAP FER;18.03.2025;31.12.;PricewaterhouseCoopers AG - CH[500003];No;;TRUE;Out
Curatis Holding AG;CH1330780979;CURN;133078097;CH;CHF;XSWX;Registered Share;0.10;Swiss Reporting Standard;Swiss GAAP FER;23.05.2025;31.12.;FORVIS MAZARS SA - CH[500241];No;;TRUE;Out
Dätwyler Holding AG;CH0030486770;DAE;3048677;CH;CHF;XSWX;Bearer Share;0.05;Swiss Reporting Standard;Swiss GAAP FER;18.03.2025;31.12.;KPMG AG - CH[501403];Yes;Global Reporting Initiative (GRI);TRUE;
DKSH Holding AG;CH0126673539;DKSH;12667353;CH;CHF;XSWX;Registered Share;0.10;International Reporting Standard;IFRS;27.03.2025;31.12.;Ernst & Young AG - CH[500646];No;;TRUE;Up
DocMorris AG;CH0042615283;DOCM;4261528;CH;CHF;XSWX;Registered Share;30.00;International Reporting Standard;IFRS;08.05.2025;31.12.;Ernst & Young AG - CH[500646];Yes;Global Reporting Initiative (GRI);TRUE;
dormakaba Holding AG;CH0011795959;DOKA;1179595;CH;CHF;XSWX;Registered Share;0.10;Swiss Reporting Standard;Swiss GAAP FER;21.10.2025;30.06.;PricewaterhouseCoopers AG - CH[500003];No;;TRUE;Out
Dottikon ES Holding AG;CH0582581713;DESN;58258171;CH;CHF;XSWX;Registered Share;0.01;Swiss Reporting Standard;Swiss GAAP FER;04.07.2025;31.03.;KPMG AG - CH[501403];No;;TRUE;Out
Edisun Power Europe AG;CH0024736404;ESUN;2473640;CH;CHF;XSWX;Registered Share;30.00;Swiss Reporting Standard;Swiss GAAP FER;02.05.2025;31.12.;BDO AG - CH[500705];No;;TRUE;
EEII AG;CH0007162958;EEII;716295;CH;CHF;XSWX;Bearer Share;7.10;Standard for Investment Companies;IFRS;07.03.2025;31.12.;FORVIS MAZARS SA - CH[500241];No;;TRUE;Out
EFG International AG;CH0022268228;EFGN;2226822;CH;CHF;XSWX;Registered Share;0.50;International Reporting Standard;IFRS;21.03.2025;13.12.;PricewaterhouseCoopers AG - CH[500003];No;;TRUE;
Eli Lilly and Company;US5324571083;LLY;947556;US;CHF;XSWX;Registered Share;0.00;International Reporting Standard;;;;Ernst & Young LLP - US;No;;FALSE;
Elma Electronic AG;CH0005319162;ELMN;531916;CH;CHF;XSWX;Registered Share;11.00;Swiss Reporting Standard;Swiss GAAP FER;24.04.2025;31.12.;BDO AG - CH[500705];No;;TRUE;
Emmi AG;CH0012829898;EMMN;1282989;CH;CHF;XSWX;Registered Share;10.00;Swiss Reporting Standard;Swiss GAAP FER;10.04.2025;31.12.;KPMG AG - CH[501403];Yes;Global Reporting Initiative (GRI);TRUE;
Ems-Chemie Holding AG;CH0016440353;EMSN;1644035;CH;CHF;XSWX;Registered Share;0.01;International Reporting Standard;IFRS;09.08.2025;31.12.;BDO AG - CH[500705];Yes;Global Reporting Initiative (GRI);TRUE;Out
EPH European Property Holdings Plc;CY0109992111;EPH;117016316;CY;EUR;XSWX;Registered Share;0.93;Standard for Real Estate Companies;IFRS;17.06.2025;31.12.;Deloitte AG - CH[500420];No;;TRUE;
EPIC Suisse AG;CH0516131684;EPIC;51613168;CH;CHF;XSWX;Registered Share;0.04;Standard for Real Estate Companies;IFRS;28.03.2025;31.12.;KPMG AG - CH[501403];No;;TRUE;Out
Evolva Holding SA;CH1262055788;EVE;126205578;CH;CHF;XSWX;Registered Share;1.00;International Reporting Standard;IFRS;27.03.2025;31.12.;FORVIS MAZARS SA - CH[500241];No;;TRUE;
Fangda Carbon New Material Co.,Ltd;US30712D1072;FDCB;123814773;10;USD;XSWX;Bearer Share;1.00;Standard for Depository Receipts;China;;31.12.;Baker Tilly China Certified Public Accountants LLP - CN;No;;TRUE;
Feintool International Holding AG;CH0009320091;FTON;932009;CH;CHF;XSWX;Registered Share;10.00;International Reporting Standard;IFRS;29.04.2025;31.12.;KPMG AG - CH[501403];No;;TRUE;
Flughafen Zürich AG;CH0319416936;FHZN;31941693;CH;CHF;XSWX;Registered Share;10.00;International Reporting Standard;IFRS;14.04.2025;31.12.;Ernst & Young AG - CH[500646];No;;TRUE;Up
Forbo Holding AG;CH0003541510;FORN;354151;CH;CHF;XSWX;Registered Share;0.10;International Reporting Standard;IFRS;04.04.2025;31.12.;KPMG AG - CH[501403];No;;TRUE;
Fundamenta Real Estate AG;CH0045825517;FREN;4582551;CH;CHF;XSWX;Registered Share;6.00;Standard for Real Estate Companies;Swiss GAAP FER;09.04.2025;31.12.;PricewaterhouseCoopers AG - CH[500003];No;;TRUE;
Galderma Group AG;CH1335392721;GALD;133539272;CH;CHF;XSWX;Registered Share;0.01;International Reporting Standard;IFRS;23.04.2025;31.12.;KPMG AG - CH[501403];No;;TRUE;
Galenica AG;CH0360674466;GALE;36067446;CH;CHF;XSWX;Registered Share;0.10;International Reporting Standard;IFRS;10.04.2025;31.12.;Ernst & Young AG - CH[500646];No;;TRUE;
GAM Holding AG;CH0102659627;GAM;10265962;CH;CHF;XSWX;Registered Share;0.05;International Reporting Standard;IFRS;14.05.2025;31.12.;KPMG AG - CH[501403];No;;TRUE;
Geberit AG;CH0030170408;GEBN;3017040;CH;CHF;XSWX;Registered Share;0.10;International Reporting Standard;IFRS;16.04.2025;31.12.;PricewaterhouseCoopers AG - CH[500003];No;;TRUE;
GEM Co. Ltd.;US36265D2045;GEM;119740522;10;USD;XSWX;Bearer Share;1.00;Standard for Depository Receipts;China;07.03.2025;31.12.;China Adult Asia Pacific Certified Public Accountants LLP - CN;No;;TRUE;
Georg Fischer AG;CH1169151003;GF;116915100;CH;CHF;XSWX;Registered Share;0.05;Swiss Reporting Standard;Swiss GAAP FER;16.04.2025;31.12.;PricewaterhouseCoopers AG - CH[500003];No;;TRUE;
Givaudan SA;CH0010645932;GIVN;1064593;CH;CHF;XSWX;Registered Share;10.00;International Reporting Standard;IFRS;20.03.2025;31.12.;KPMG AG - CH[501403];Yes;Global Reporting Initiative (GRI);TRUE;
Glarner Kantonalbank;CH0189396655;GLKBN;18939665;CH;CHF;XSWX;Registered Share;10.00;Swiss Reporting Standard;Bank law;25.04.2025;31.12.;PricewaterhouseCoopers AG - CH[500003];No;;TRUE;
Goodyear Tire & Rubber Company;US3825501014;GT;935430;US;CHF;XSWX;Registered Share;0.00;International Reporting Standard;;;;PricewaterhouseCoopers LLP - US;No;;FALSE;
Gotion High-Tech Co., Ltd.;US38349T1060;GOTION;120450028;10;USD;XSWX;Bearer Share;1.00;Standard for Depository Receipts;China;;31.12.;Suya Jincheng CPA LLP - CN;No;;TRUE;
Graubündner Kantonalbank;CH0001340204;GRKP;134020;CH;CHF;XSWX;Participation Certificate;100.00;Swiss Reporting Standard;Bank law;22.03.2025;31.12.;Ernst & Young AG - CH[500646];Yes;Global Reporting Initiative (GRI);TRUE;
Groupe Minoteries SA;CH0012949464;GMI;1294946;CH;CHF;XSWX;Registered Share;5.00;Swiss Reporting Standard;Swiss GAAP FER;20.05.2025;31.12.;PricewaterhouseCoopers AG - CH[500003];No;;TRUE;
Gurit Holding AG;CH1173567111;GURN;117356711;CH;CHF;XSWX;Registered Share;5.00;Swiss Reporting Standard;Swiss GAAP FER;15.04.2025;31.12.;PricewaterhouseCoopers AG - CH[500003];Yes;Global Reporting Initiative (GRI);TRUE;
Hangzhou GreatStar Industrial Co., Ltd.;US41044C1053;GSI;122668634;10;USD;XSWX;Bearer Share;1.00;Standard for Depository Receipts;China;;31.12.;Pan-China Certified Public Accountants LLP - CN;No;;TRUE;
HBM Healthcare Investments AG;CH0012627250;HBMN;1262725;CH;CHF;XSWX;Registered Share;4.60;Standard for Investment Companies;IFRS;23.06.2025;31.03.;Ernst & Young AG - CH[500646];No;;TRUE;
Helvetia Holding AG;CH0466642201;HELN;46664220;CH;CHF;XSWX;Registered Share;0.02;International Reporting Standard;IFRS;25.04.2025;31.12.;KPMG AG - CH[501403];Yes;Global Reporting Initiative (GRI);TRUE;Up
HIAG Immobilien Holding AG;CH0239518779;HIAG;23951877;CH;CHF;XSWX;Registered Share;1.00;Standard for Real Estate Companies;Swiss GAAP FER;17.04.2025;31.12.;Ernst & Young AG - CH[500646];Yes;Global Reporting Initiative (GRI);TRUE;
Highlight Event and Entertainment AG;CH0003583256;HLEE;358325;CH;CHF;XSWX;Bearer Share;1.00;International Reporting Standard;IFRS;;31.12.;FORVIS MAZARS SA - CH[500241];No;;TRUE;Out
HOCN AG;CH0024666528;HOCN;2466652;CH;CHF;XSWX;Registered Share;10.00;Swiss Reporting Standard;Swiss GAAP FER;;31.12.;KPMG AG - CH[501403];No;;TRUE;
Holcim Ltd;CH0012214059;HOLN;1221405;CH;CHF;XSWX;Registered Share;2.00;International Reporting Standard;IFRS;14.05.2025;31.12.;Ernst & Young AG - CH[500646];No;;TRUE;
Huber+Suhner AG;CH0030380734;HUBN;3038073;CH;CHF;XSWX;Registered Share;0.25;Swiss Reporting Standard;Swiss GAAP FER;02.04.2025;31.12.;Ernst & Young AG - CH[500646];No;;TRUE;
Hypothekarbank Lenzburg AG;CH0001341608;HBLN;134160;CH;CHF;XSWX;Registered Share;260.00;Swiss Reporting Standard;Bank law;15.03.2025;31.12.;PricewaterhouseCoopers AG - CH[500003];No;;TRUE;
Idorsia Ltd;CH0363463438;IDIA;36346343;CH;CHF;XSWX;Registered Share;0.05;International Reporting Standard;US GAAP;28.05.2025;31.12.;Deloitte AG - CH[500420];No;;TRUE;
Implenia AG;CH0023868554;IMPN;2386855;CH;CHF;XSWX;Registered Share;1.02;International Reporting Standard;IFRS;25.03.2025;31.12.;PricewaterhouseCoopers AG - CH[500003];No;;TRUE;
Ina Invest AG;CH0524026959;INA;52402695;CH;CHF;XSWX;Registered Share;0.03;Standard for Real Estate Companies;Swiss GAAP FER;31.03.2025;31.12.;PricewaterhouseCoopers AG - CH[500003];No;;TRUE;Up
INFICON HOLDING AG;CH0011029946;IFCN;1102994;CH;CHF;XSWX;Registered Share;5.00;Swiss Reporting Standard;Swiss GAAP FER;08.04.2025;31.12.;KPMG AG - CH[501403];Yes;Global Reporting Initiative (GRI);TRUE;
Interroll Holding AG;CH0006372897;INRN;637289;CH;CHF;XSWX;Registered Share;1.00;International Reporting Standard;IFRS;06.06.2025;31.12.;PricewaterhouseCoopers AG - CH[500003];No;;TRUE;
Intershop Holding AG;CH1338987303;ISN;133898730;CH;CHF;XSWX;Registered Share;2.00;Standard for Real Estate Companies;Swiss GAAP FER;01.04.2025;31.12.;PricewaterhouseCoopers AG - CH[500003];Yes;Global Reporting Initiative (GRI);TRUE;Out
Investis Holding SA;CH0325094297;IREN;32509429;CH;CHF;XSWX;Registered Share;0.10;Standard for Real Estate Companies;Swiss GAAP FER;06.05.2025;31.12.;KPMG AG - CH[501403];No;;TRUE;
IVF HARTMANN Holding AG;CH0187624256;VBSN;18762425;CH;CHF;XSWX;Registered Share;1.75;Swiss Reporting Standard;Swiss GAAP FER;15.04.2025;31.12.;PricewaterhouseCoopers AG - CH[500003];No;;TRUE;
Jiangsu Eastern Shenghong Co., Ltd.;US47737H1115;DFSH;123408194;10;USD;XSWX;Bearer Share;1.00;Standard for Depository Receipts;China;;31.12.;BDO China Shu Lun Pan Certified Public Accountants LLP - CN;No;;TRUE;
Joincare Pharmaceutical Group Industry Co., Ltd.;US47973H2058;JCARE;120978688;10;USD;XSWX;Bearer Share;1.00;Standard for Depository Receipts;China;;31.12.;Grant Thornton Zhitong Certified Public Accountants LLP - CN;No;;TRUE;
Julius Bär Gruppe AG;CH0102484968;BAER;10248496;CH;CHF;XSWX;Registered Share;0.02;International Reporting Standard;IFRS;10.04.2025;31.12.;KPMG AG - CH[501403];No;;TRUE;
Jungfraubahn Holding AG;CH0017875789;JFN;1787578;CH;CHF;XSWX;Registered Share;1.50;Swiss Reporting Standard;Swiss GAAP FER;12.05.2025;31.12.;BDO AG - CH[500705];No;;TRUE;
Kardex Holding AG;CH0100837282;KARN;10083728;CH;CHF;XSWX;Registered Share;0.45;Swiss Reporting Standard;Swiss GAAP FER;24.04.2025;31.12.;PricewaterhouseCoopers AG - CH[500003];No;;TRUE;Out
Keda Industrial Group Co., Ltd.;US4872351030;KEDA;120555065;10;USD;XSWX;Bearer Share;1.00;Standard for Depository Receipts;China;;31.12.;Zhongxi CPAs (Special General Partnership) - CN;No;;TRUE;
Klingelnberg AG;CH0420462266;KLIN;42046226;CH;CHF;XSWX;Registered Share;5.00;Swiss Reporting Standard;Swiss GAAP FER;21.08.2025;31.03.;PricewaterhouseCoopers AG - CH[500003];No;;TRUE;Out
Komax Holding AG;CH0010702154;KOMN;1070215;CH;CHF;XSWX;Registered Share;0.10;Swiss Reporting Standard;Swiss GAAP FER;16.04.2025;31.12.;PricewaterhouseCoopers AG - CH[500003];No;;TRUE;
Kudelski S.A.;CH0012268360;KUD;1226836;CH;CHF;XSWX;Bearer Share;8.00;International Reporting Standard;IFRS;17.04.2025;31.12.;PricewaterhouseCoopers AG - CH[500003];No;;TRUE;
Kühne + Nagel International AG;CH0025238863;KNIN;2523886;CH;CHF;XSWX;Registered Share;1.00;International Reporting Standard;IFRS;07.05.2025;31.12.;KPMG AG - CH[501403];Yes;Global Reporting Initiative (GRI);TRUE;
Kunshan Dongwei Technology Co., Ltd;US50126R1041;KUDO;125377946;10;USD;XSWX;Bearer Share;1.00;Standard for Depository Receipts;China;;31.12.;ShineWing Certified Public Accountants LLP - CN;No;;TRUE;
Kuros Biosciences Ltd.;CH0325814116;KURN;32581411;CH;CHF;XSWX;Registered Share;0.10;International Reporting Standard;IFRS;15.04.2025;31.12.;PricewaterhouseCoopers AG - CH[500003];No;;TRUE;
Landis+Gyr Group AG;CH0371153492;LAND;37115349;CH;CHF;XSWX;Registered Share;10.00;International Reporting Standard;US GAAP;25.06.2025;31.03.;PricewaterhouseCoopers AG - CH[500003];Yes;Global Reporting Initiative (GRI);TRUE;
lastminute.com N.V.;NL0010733960;LMN;23806732;NL;CHF;XSWX;Bearer Share;0.01;International Reporting Standard;IFRS;25.06.2025;31.12.;KPMG Accountants N.V. - NL[13000121];No;;TRUE;
Leclanché S.A.;CH0110303119;LECN;11030311;CH;CHF;XSWX;Registered Share;0.10;International Reporting Standard;IFRS;27.06.2025;31.12.;FORVIS MAZARS SA - CH[500241];No;;TRUE;Up
LEM Holding SA;CH0022427626;LEHN;2242762;CH;CHF;XSWX;Registered Share;0.50;International Reporting Standard;IFRS;26.06.2025;31.03.;Ernst & Young AG - CH[500646];Yes;European Sustainability Reporting Standards (ESRS);TRUE;Out
Leonteq AG;CH0190891181;LEON;19089118;CH;CHF;XSWX;Registered Share;1.00;International Reporting Standard;IFRS;27.03.2025;31.12.;Deloitte AG - CH[500420];Yes;Global Reporting Initiative (GRI);TRUE;Out
Lepu Medical Technology (Beijing) Co., Ltd.;US52678P2056;LEPU;121526183;10;USD;XSWX;Bearer Share;1.00;Standard for Depository Receipts;China;;31.12.;BDO China Shu Lun Pan Certified Public Accountants LLP - CN;No;;TRUE;
Liechtensteinische Landesbank AG;LI0355147575;LLBN;35514757;LI;CHF;XSWX;Registered Share;5.00;International Reporting Standard;IFRS;16.04.2025;31.12.;KPMG (Liechtenstein) AG - LI[30018];No;;TRUE;
Logitech International S.A.;CH0025751329;LOGN;2575132;CH;CHF;XSWX;Registered Share;0.25;International Reporting Standard;US GAAP;;31.03.;KPMG AG - CH[501403];Yes;Global Reporting Initiative (GRI);TRUE;
Lonza Group AG;CH0013841017;LONN;1384101;CH;CHF;XSWX;Registered Share;1.00;International Reporting Standard;IFRS;09.05.2025;31.12.;Deloitte AG - CH[500420];Yes;Global Reporting Initiative (GRI);TRUE;
Luzerner Kantonalbank AG;CH1252930610;LUKN;125293061;CH;CHF;XSWX;Registered Share;3.70;Swiss Reporting Standard;Bank law;14.04.2025;31.12.;PricewaterhouseCoopers AG - CH[500003];No;;TRUE;
MCH Group AG;CH0039542854;MCHN;3954285;CH;CHF;XSWX;Registered Share;1.00;Swiss Reporting Standard;Swiss GAAP FER;27.05.2025;31.12.;KPMG AG - CH[501403];Yes;Global Reporting Initiative (GRI);TRUE;
Medacta Group SA;CH0468525222;MOVE;46852522;CH;CHF;XSWX;Registered Share;0.10;International Reporting Standard;IFRS;07.05.2025;31.12.;Deloitte AG - CH[500420];No;;TRUE;Out
Medartis Holding AG;CH0386200239;MED;38620023;CH;CHF;XSWX;Registered Share;0.20;International Reporting Standard;IFRS;25.04.2025;31.12.;Ernst & Young AG - CH[500646];No;;TRUE;Out
medmix AG;CH1129677105;MEDX;112967710;CH;CHF;XSWX;Registered Share;0.01;International Reporting Standard;IFRS;23.04.2025;31.12.;KPMG AG - CH[501403];No;;TRUE;
Meier Tobler Group AG;CH0208062627;MTG;20806262;CH;CHF;XSWX;Registered Share;0.10;Swiss Reporting Standard;Swiss GAAP FER;07.04.2025;31.12.;PricewaterhouseCoopers AG - CH[500003];No;;TRUE;Out
Metall Zug AG;CH0039821084;METN;3982108;CH;CHF;XSWX;Registered Share;25.00;Swiss Reporting Standard;Swiss GAAP FER;09.05.2025;31.12.;Ernst & Young AG - CH[500646];No;;TRUE;Out
Meyer Burger Technology AG;CH1357065999;MBTN;135706599;CH;CHF;XSWX;Registered Share;7.50;Swiss Reporting Standard;Swiss GAAP FER;;31.12.;PricewaterhouseCoopers AG - CH[500003];No;;TRUE;
Mikron Holding AG;CH0003390066;MIKN;339006;CH;CHF;XSWX;Registered Share;0.10;Swiss Reporting Standard;Swiss GAAP FER;16.04.2025;31.12.;BDO AG - CH[500705];Yes;Global Reporting Initiative (GRI);TRUE;
mobilezone holding ag;CH0276837694;MOZN;27683769;CH;CHF;XSWX;Registered Share;0.01;Swiss Reporting Standard;Swiss GAAP FER;02.04.2025;31.12.;BDO AG - CH[500705];Yes;Global Reporting Initiative (GRI);TRUE;
Mobimo Holding AG;CH0011108872;MOBN;1110887;CH;CHF;XSWX;Registered Share;3.40;Standard for Real Estate Companies;IFRS;31.03.2025;31.12.;Ernst & Young AG - CH[500646];Yes;Global Reporting Initiative (GRI);TRUE;
Molecular Partners AG;CH0256379097;MOLN;25637909;CH;CHF;XSWX;Registered Share;0.10;International Reporting Standard;IFRS;16.04.2025;31.12.;KPMG AG - CH[501403];No;;TRUE;
Montana Aerospace AG;CH1110425654;AERO;111042565;CH;CHF;XSWX;Registered Share;1.00;International Reporting Standard;IFRS;20.05.2025;31.12.;KPMG AG - CH[501403];No;;TRUE;
naturenergie holding AG;CH0039651184;NEAG;3965118;CH;CHF;XSWX;Registered Share;0.10;Swiss Reporting Standard;Swiss GAAP FER;29.04.2025;31.12.;BDO AG - CH[500705];Yes;Global Reporting Initiative (GRI);TRUE;Out
NEBAG AG;CH0005059438;NBEN;505943;CH;CHF;XSWX;Registered Share;0.02;Standard for Investment Companies;IFRS;16.05.2025;31.12.;BDO AG - CH[500705];No;;TRUE;Up
Nestlé AG;CH0038863350;NESN;3886335;CH;CHF;XSWX;Registered Share;0.10;International Reporting Standard;IFRS;16.04.2025;31.12.;Ernst & Young AG - CH[500646];No;;TRUE;
Newron Pharmaceuticals S.p.A.;IT0004147952;NWRN;2791431;IT;CHF;XSWX;Registered Share;0.20;International Reporting Standard;IFRS;23.04.2025;31.12.;E & Y, Reconta Ernst & Young S.p.A. - IT;No;;TRUE;
NIBE Industrier AB;SE0015988019;NIBEB;111709033;SE;CHF;XSWX;Registered Share;0.00;International Reporting Standard;;;;;No;;FALSE;
Ningbo Shanshan Co., Ltd.;US65447N1037;SSNE;120121021;10;USD;XSWX;Bearer Share;1.00;Standard for Depository Receipts;China;;31.12.;Pan-China Certified Public Accountants LLP - CN;No;;TRUE;
Novartis AG;CH0012005267;NOVN;1200526;CH;CHF;XSWX;Registered Share;0.49;International Reporting Standard;IFRS;07.03.2025;31.12.;KPMG AG - CH[501403];Yes;Global Reporting Initiative (GRI);TRUE;
Novavest Real Estate AG;CH0212186248;NREN;21218624;CH;CHF;XSWX;Registered Share;22.75;Standard for Real Estate Companies;Swiss GAAP FER;24.03.2025;31.12.;PricewaterhouseCoopers AG - CH[050003];No;;TRUE;
OC Oerlikon Corporation AG;CH0000816824;OERL;81682;CH;CHF;XSWX;Registered Share;1.00;International Reporting Standard;IFRS;01.04.2025;31.12.;PricewaterhouseCoopers AG - CH[500003];Yes;Global Reporting Initiative (GRI);TRUE;Out
Orascom Development Holding AG;CH0038285679;ODHN;3828567;CH;CHF;XSWX;Registered Share;5.00;International Reporting Standard;IFRS;08.05.2025;31.12.;Deloitte AG - CH[500420];Yes;Global Reporting Initiative (GRI);TRUE;
Orell Füssli AG;CH0003420806;OFN;342080;CH;CHF;XSWX;Registered Share;1.00;Standard Sparks;Swiss GAAP FER;13.05.2025;31.12.;PricewaterhouseCoopers AG - CH[500003];Yes;Global Reporting Initiative (GRI);TRUE;
Orior AG;CH0111677362;ORON;11167736;CH;CHF;XSWX;Registered Share;4.00;Swiss Reporting Standard;Swiss GAAP FER;21.05.2025;31.12.;PricewaterhouseCoopers AG - CH[500003];Yes;Global Reporting Initiative (GRI);TRUE;
Partners Group Holding AG;CH0024608827;PGHN;2460882;CH;CHF;XSWX;Registered Share;0.01;International Reporting Standard;IFRS;21.05.2025;31.12.;KPMG AG - CH[501403];No;;TRUE;Out
Peach Property Group AG;CH0118530366;PEAN;11853036;CH;CHF;XSWX;Registered Share;1.00;International Reporting Standard;IFRS;23.05.2025;31.12.;PricewaterhouseCoopers AG - CH[500003];No;;TRUE;
PepsiCo Inc.;US7134481081;PEP;961618;US;CHF;XSWX;Registered Share;0.02;International Reporting Standard;;;;KPMG LLP - US;No;;FALSE;
Perrot Duval Holding SA;CH0252620700;PEDU;25262070;CH;CHF;XSWX;Bearer Share;50.00;Swiss Reporting Standard;Swiss GAAP FER;25.09.2025;30.04.;KPMG AG - CH[501403];No;;TRUE;Out
Philip Morris International Inc;US7181721090;PMI;3754629;US;CHF;XSWX;Registered Share;0.00;International Reporting Standard;;;;PricewaterhouseCoopers AG - CH[500003];No;;FALSE;
Phoenix Mecano AG;CH1261338102;PMN;126133810;CH;CHF;XSWX;Registered Share;1.00;Swiss Reporting Standard;Swiss GAAP FER;22.05.2025;31.12.;BDO AG - CH[500705];No;;TRUE;Up
PIERER Mobility AG;AT0000KTMI02;PKTM;41860974;AT;CHF;XSWX;Bearer Share;0.00;International Reporting Standard;IFRS;25.04.2025;31.12.;KPMG Wirtschaftsprüfungs- und Steuerberatungs GmbH - AT;No;;TRUE;Out
PLAZZA AG;CH0284142913;PLAN;28414291;CH;CHF;XSWX;Registered Share;0.50;Standard for Real Estate Companies;Swiss GAAP FER;02.04.2025;31.12.;KPMG AG - CH[501403];No;;TRUE;Out
PolyPeptide Group AG;CH1110760852;PPGN;111076085;CH;CHF;XSWX;Registered Share;0.01;International Reporting Standard;IFRS;09.04.2025;31.12.;BDO AG - CH[500705];No;;TRUE;Out
Private Equity Holding AG;CH0006089921;PEHN;608992;CH;CHF;XSWX;Registered Share;6.00;Standard for Investment Companies;IFRS;24.06.2025;31.03.;PricewaterhouseCoopers AG - CH[500003];No;;TRUE;Out
PSP Swiss Property AG;CH0018294154;PSPN;1829415;CH;CHF;XSWX;Registered Share;0.10;Standard for Real Estate Companies;IFRS;03.04.2025;31.12.;Ernst & Young AG - CH[500646];No;;TRUE;
R&S Group Holding AG;CH1107979838;RSGN;110797983;CH;CHF;XSWX;Registered Share;0.10;Swiss Reporting Standard;Swiss GAAP FER;14.05.2025;31.12.;Deloitte AG - CH[500420];No;;TRUE;
RELIEF THERAPEUTICS Holding AG;CH1251125998;RLF;125112599;CH;CHF;XSWX;Registered Share;0.10;International Reporting Standard;IFRS;;31.12.;FORVIS MAZARS SA - CH[500241];No;;TRUE;Out
Rieter Holding AG;CH0003671440;RIEN;367144;CH;CHF;XSWX;Registered Share;5.00;International Reporting Standard;IFRS;24.04.2025;31.12.;KPMG AG - CH[501403];No;;TRUE;
Roche Holding AG;CH0012032048;ROG;1203204;CH;CHF;XSWX;Dividend Right Certificate;0.00;International Reporting Standard;IFRS;25.03.2025;31.12.;KPMG AG - CH[501403];No;;TRUE;
Roche Holding AG;CH0012032113;RO;1203211;CH;CHF;XSWX;Bearer Share;1.00;International Reporting Standard;IFRS;25.03.2025;31.12.;KPMG AG - CH[501403];No;;TRUE;
Romande Energie Holding SA;CH1263676327;REHN;126367632;CH;CHF;XSWX;Registered Share;1.00;Swiss Reporting Standard;Swiss GAAP FER;14.05.2025;31.12.;Ernst & Young AG - CH[500646];Yes;Global Reporting Initiative (GRI);TRUE;
Sandoz Group AG;CH1243598427;SDZ;124359842;CH;CHF;XSWX;Registered Share;0.05;International Reporting Standard;IFRS;15.04.2025;31.12.;KPMG AG - CH[501403];No;;TRUE;
Santhera Pharmaceuticals Holding AG;CH1276028821;SANN;127602882;CH;CHF;XSWX;Registered Share;0.10;International Reporting Standard;IFRS;20.05.2025;31.12.;Ernst & Young AG - CH[500646];No;;TRUE;
Schindler Holding AG;CH0024638196;SCHP;2463819;CH;CHF;XSWX;Participation Certificate;0.10;International Reporting Standard;IFRS;25.03.2025;31.12.;PricewaterhouseCoopers AG - CH[500003];No;;TRUE;Out
Schindler Holding AG;CH0024638212;SCHN;2463821;CH;CHF;XSWX;Registered Share;0.10;International Reporting Standard;IFRS;25.03.2025;31.12.;PricewaterhouseCoopers AG - CH[500003];No;;TRUE;Out
Schlatter Industries AG;CH0002277314;STRN;227731;CH;CHF;XSWX;Registered Share;1.00;Standard Sparks;Swiss GAAP FER;06.05.2025;31.12.;KPMG AG - CH[501403];No;;TRUE;Out
Schweiter Technologies AG;CH1248667003;SWTQ;124866700;CH;CHF;XSWX;Registered Share;1.00;International Reporting Standard;IFRS;09.04.2025;31.12.;KPMG AG - CH[501403];No;;TRUE;Out
Schweizerische Nationalbank;CH0001319265;SNBN;131926;CH;CHF;XSWX;Registered Share;250.00;Swiss Reporting Standard;Swiss GAAP FER;25.04.2025;31.12.;KPMG AG - CH[501403];No;;TRUE;
Scor SE;FR0010411983;SCR;2844943;FR;CHF;XSWX;Registered Share;7.88;International Reporting Standard;;;;Mazars & Guérard - FR;No;;FALSE;
Sensirion Holding AG;CH0406705126;SENS;40670512;CH;CHF;XSWX;Registered Share;0.10;Swiss Reporting Standard;Swiss GAAP FER;12.05.2025;31.12.;KPMG AG - CH[501403];No;;TRUE;Up
SF Urban Properties AG;CH0032816131;SFPN;3281613;CH;CHF;XSWX;Registered Share;9.00;Standard for Real Estate Companies;IFRS;09.04.2025;31.12.;PricewaterhouseCoopers AG - CH[500003];No;;TRUE;
SFS Group AG;CH0239229302;SFSN;23922930;CH;CHF;XSWX;Registered Share;0.10;Swiss Reporting Standard;Swiss GAAP FER;30.04.2025;31.12.;PricewaterhouseCoopers AG - CH[500003];Yes;Global Reporting Initiative (GRI);TRUE;Out
SGS AG;CH1256740924;SGSN;125674092;CH;CHF;XSWX;Registered Share;0.04;International Reporting Standard;IFRS;26.03.2025;31.12.;PricewaterhouseCoopers AG - CH[500003];No;;TRUE;
Shenzhen Senior Technology Material Co., Ltd.;US82322J1079;SENIOR;123430195;10;USD;XSWX;Bearer Share;1.00;Standard for Depository Receipts;China;12.03.2025;31.12.;Grant Thornton Zhitong Certified Public Accountants LLP - CN;No;;TRUE;
SHL Telemedicine Ltd.;IL0010855885;SHLTN;1128957;IL;CHF;XSWX;Registered Share;0.01;International Reporting Standard;IFRS;;31.12.;E & Y, Kost Forer Gabbay and Kasierer - IL;No;;TRUE;
Siegfried Holding AG;CH0014284498;SFZN;1428449;CH;CHF;XSWX;Registered Share;11.00;Swiss Reporting Standard;Swiss GAAP FER;10.04.2025;31.12.;PricewaterhouseCoopers AG - CH[500003];Yes;Global Reporting Initiative (GRI);TRUE;
SIG Group Ltd;CH0435377954;SIGN;43537795;CH;CHF;XSWX;Registered Share;0.01;International Reporting Standard;IFRS;08.04.2025;31.12.;PricewaterhouseCoopers AG - CH[500003];Yes;Global Reporting Initiative (GRI);TRUE;
Sika AG;CH0418792922;SIKA;41879292;CH;CHF;XSWX;Registered Share;0.01;International Reporting Standard;IFRS;25.03.2025;31.12.;KPMG AG - CH[501403];No;;TRUE;
SKAN Group AG;CH0013396012;SKAN;1339601;CH;CHF;XSWX;Registered Share;0.01;Swiss Reporting Standard;Swiss GAAP FER;05.05.2025;31.12.;BDO AG - CH[500705];No;;TRUE;Up
SoftwareONE Holding AG;CH0496451508;SWON;49645150;CH;CHF;XSWX;Registered Share;0.01;International Reporting Standard;IFRS;15.04.2025;31.12.;Ernst & Young AG - CH[500646];Yes;Global Reporting Initiative (GRI);TRUE;Up
Sonova Holding AG;CH0012549785;SOON;1254978;CH;CHF;XSWX;Registered Share;0.05;International Reporting Standard;IFRS;10.06.2025;31.03.;Ernst & Young AG - CH[500646];Yes;Global Reporting Initiative (GRI);TRUE;
Spexis Ltd.;CH0106213793;SPEX;10621379;CH;CHF;XSWX;Registered Share;0.02;International Reporting Standard;IFRS;;31.12.;Deloitte AG - CH[500420];No;;TRUE;
St.Galler Kantonalbank AG;CH0011484067;SGKN;1148406;CH;CHF;XSWX;Registered Share;80.00;Swiss Reporting Standard;Bank law;30.04.2025;31.12.;PricewaterhouseCoopers AG - CH[500003];Yes;Global Reporting Initiative (GRI);TRUE;
Stadler Rail AG;CH0002178181;SRAIL;217818;CH;CHF;XSWX;Registered Share;0.20;Swiss Reporting Standard;Swiss GAAP FER;07.05.2025;31.12.;KPMG AG - CH[501403];No;;TRUE;Up
StarragTornos Group AG;CH0002361068;STGN;236106;CH;CHF;XSWX;Registered Share;8.50;Swiss Reporting Standard;Swiss GAAP FER;17.04.2025;31.12.;PricewaterhouseCoopers AG - CH[500003];No;;TRUE;
Straumann Holding AG;CH1175448666;STMN;117544866;CH;CHF;XSWX;Registered Share;0.01;International Reporting Standard;IFRS;10.04.2025;31.12.;Ernst & Young AG - CH[500646];Yes;Global Reporting Initiative (GRI);TRUE;
Sulzer AG;CH0038388911;SUN;3838891;CH;CHF;XSWX;Registered Share;0.01;International Reporting Standard;IFRS;23.04.2025;31.12.;KPMG AG - CH[501403];No;;TRUE;
Sunrise Communications AG;CH1386220409;SUNN;138622040;CH;CHF;XSWX;Registered Share;0.10;International Reporting Standard;IFRS;13.05.2025;31.12.;KPMG AG - CH[501403];No;;TRUE;
Sunwoda Electronic Co., Ltd.;US86804J2042;SWD;122821440;10;USD;XSWX;Bearer Share;1.00;Standard for Depository Receipts;China;;31.12.;ShineWing Certified Public Accountants LLP - CN;No;;TRUE;
SUPCON Technology Co., Ltd;US98956C1018;SUPCON;125233142;10;USD;XSWX;Bearer Share;1.00;Standard for Depository Receipts;China;;31.12.;Pan-China Certified Public Accountants LLP - CN;Yes;Global Reporting Initiative (GRI);TRUE;
Swiss Life Holding AG;CH0014852781;SLHN;1485278;CH;CHF;XSWX;Registered Share;0.10;International Reporting Standard;IFRS;14.05.2025;31.12.;PricewaterhouseCoopers AG - CH[500003];Yes;Global Reporting Initiative (GRI);TRUE;
Swiss Prime Site AG;CH0008038389;SPSN;803838;CH;CHF;XSWX;Registered Share;2.00;Standard for Real Estate Companies;IFRS;13.03.2025;31.12.;PricewaterhouseCoopers AG - CH[500003];Yes;Global Reporting Initiative (GRI);TRUE;
Swiss Re AG;CH0126881561;SREN;12688156;CH;CHF;XSWX;Registered Share;0.10;International Reporting Standard;US GAAP;11.04.2025;31.12.;KPMG AG - CH[501403];No;;TRUE;
Swiss Steel Holding AG;CH1351577726;STLN;135157772;CH;CHF;XSWX;Registered Share;16.00;International Reporting Standard;IFRS;;31.12.;Ernst & Young AG - CH[500646];Yes;Global Reporting Initiative (GRI);TRUE;
Swisscom AG;CH0008742519;SCMN;874251;CH;CHF;XSWX;Registered Share;1.00;International Reporting Standard;IFRS;26.03.2025;31.12.;PricewaterhouseCoopers AG - CH[500003];Yes;Global Reporting Initiative (GRI);TRUE;
Swissquote Group Holding Ltd;CH0010675863;SQN;1067586;CH;CHF;XSWX;Registered Share;0.20;International Reporting Standard;IFRS;08.05.2025;31.12.;PricewaterhouseCoopers AG - CH[500003];Yes;Global Reporting Initiative (GRI);TRUE;
Tecan Group AG;CH0012100191;TECN;1210019;CH;CHF;XSWX;Registered Share;0.10;International Reporting Standard;IFRS;10.04.2025;31.12.;Ernst & Young AG - CH[500646];No;;TRUE;
TEMENOS AG;CH0012453913;TEMN;1245391;CH;CHF;XSWX;Registered Share;5.00;International Reporting Standard;IFRS;13.05.2025;31.12.;PricewaterhouseCoopers AG - CH[500003];Yes;Global Reporting Initiative (GRI);TRUE;
The Swatch Group AG;CH0012255144;UHRN;1225514;CH;CHF;XSWX;Registered Share;0.45;Swiss Reporting Standard;Swiss GAAP FER;21.05.2025;31.12.;PricewaterhouseCoopers AG - CH[500003];Yes;Global Reporting Initiative (GRI);TRUE;Up
The Swatch Group AG;CH0012255151;UHR;1225515;CH;CHF;XSWX;Bearer Share;2.25;Swiss Reporting Standard;Swiss GAAP FER;21.05.2025;31.12.;PricewaterhouseCoopers AG - CH[500003];Yes;Global Reporting Initiative (GRI);TRUE;Up
Thurgauer Kantonalbank;CH0231351104;TKBP;23135110;CH;CHF;XSWX;Participation Certificate;20.00;Swiss Reporting Standard;Bank law;22.05.2025;31.12.;PricewaterhouseCoopers AG - CH[500003];Yes;Global Reporting Initiative (GRI);TRUE;
TX Group AG;CH0011178255;TXGN;1117825;CH;CHF;XSWX;Registered Share;10.00;International Reporting Standard;IFRS;11.04.2025;31.12.;PricewaterhouseCoopers AG - CH[500003];No;;TRUE;
u-blox Holding AG;CH0033361673;UBXN;3336167;CH;CHF;XSWX;Registered Share;10.50;International Reporting Standard;IFRS;16.04.2025;31.12.;KPMG AG - CH[501403];Yes;Global Reporting Initiative (GRI);TRUE;
UBS Group AG;CH0244767585;UBSG;24476758;CH;CHF;XSWX;Registered Share;0.10;International Reporting Standard;IFRS;10.04.2025;31.12.;Ernst & Young AG - CH[500646];Yes;Global Reporting Initiative (GRI);TRUE;
V-ZUG Holding AG;CH0542483745;VZUG;54248374;CH;CHF;XSWX;Registered Share;0.27;Swiss Reporting Standard;Swiss GAAP FER;08.04.2025;31.12.;Ernst & Young AG - CH[500646];No;;TRUE;Out
Valartis Group AG;CH0367427686;VLRT;36742768;CH;CHF;XSWX;Registered Share;1.00;International Reporting Standard;IFRS;06.05.2025;31.12.;BDO AG - CH[500705];No;;TRUE;Out
Valiant Holding AG;CH0014786500;VATN;1478650;CH;CHF;XSWX;Registered Share;0.50;Swiss Reporting Standard;Bank law;14.05.2025;31.12.;PricewaterhouseCoopers AG - CH[500003];Yes;Global Reporting Initiative (GRI);TRUE;
Varia US Properties AG;CH0305285295;VARN;30528529;CH;CHF;XSWX;Registered Share;1.00;Standard for Real Estate Companies;IFRS;30.04.2025;31.12.;KPMG AG - CH[501403];No;;TRUE;Out
VAT Group AG;CH0311864901;VACN;31186490;CH;CHF;XSWX;Registered Share;0.10;International Reporting Standard;IFRS;29.04.2025;31.12.;KPMG AG - CH[501403];No;;TRUE;Out
Vaudoise Assurances Holding SA;CH0021545667;VAHN;2154566;CH;CHF;XSWX;Registered Share;25.00;Swiss Reporting Standard;Swiss GAAP FER;12.05.2025;31.12.;Ernst & Young AG - CH[500646];No;;TRUE;
Vetropack Holding AG;CH0530235594;VETN;53023559;CH;CHF;XSWX;Registered Share;1.00;Swiss Reporting Standard;Swiss GAAP FER;23.04.2025;31.12.;Ernst & Young AG - CH[500646];No;;TRUE;
Villars Holding S.A.;CH0002609656;VILN;260965;CH;CHF;XSWX;Registered Share;44.00;Swiss Reporting Standard;Swiss GAAP FER;14.05.2025;31.12.;KPMG AG - CH[501403];No;;TRUE;
Vontobel Holding AG;CH0012335540;VONN;1233554;CH;CHF;XSWX;Registered Share;1.00;International Reporting Standard;IFRS;02.04.2025;31.12.;Ernst & Young AG - CH[500646];Yes;Global Reporting Initiative (GRI);TRUE;
VP Bank AG;LI0315487269;VPBN;31548726;LI;CHF;XSWX;Registered Share;10.00;International Reporting Standard;IFRS;25.04.2025;31.12.;PricewaterhouseCoopers AG - CH[500003];Yes;Global Reporting Initiative (GRI);TRUE;
VZ Holding AG;CH0528751586;VZN;52875158;CH;CHF;XSWX;Registered Share;0.05;International Reporting Standard;IFRS;09.04.2025;31.12.;PricewaterhouseCoopers AG - CH[500003];No;;TRUE;
Walliser Kantonalbank;CH0305951201;WKBN;30595120;CH;CHF;XSWX;Registered Share;10.00;Swiss Reporting Standard;Bank law;17.04.2025;31.12.;Deloitte AG - CH[500420];Yes;Global Reporting Initiative (GRI);TRUE;
Warteck Invest AG;CH0002619481;WARN;261948;CH;CHF;XSWX;Registered Share;10.00;Standard for Real Estate Companies;Swiss GAAP FER;21.05.2025;31.12.;Ernst & Young AG - CH[500646];Yes;Global Reporting Initiative (GRI);TRUE;
Will Semiconductor Co., Ltd. Shanghai;US96908C1128;WILL;130378868;10;USD;XSWX;Bearer Share;1.00;Standard for Depository Receipts;China;;31.12.;BDO China Shu Lun Pan Certified Public Accountants LLP - CN;Yes;Global Reporting Initiative (GRI);TRUE;
WISeKey International Holding AG;CH1276062754;WIHN;127606275;CH;CHF;XSWX;Registered Share;0.10;International Reporting Standard;IFRS;;31.12.;BDO AG - CH[500705];No;;TRUE;Out
Xlife Sciences AG;CH0461929603;XLS;46192960;CH;CHF;XSWX;Registered Share;1.00;Standard Sparks;IFRS;24.06.2025;31.12.;BDO AG - CH[500705];No;;TRUE;
Yangzhou Yangjie Electronic Technology Co., Ltd.;US98490B1061;YJET;124722475;10;USD;XSWX;Bearer Share;1.00;Standard for Depository Receipts;China;;31.12.;Pan-China Certified Public Accountants LLP - CN;No;;TRUE;
Youngtimers AG;CH0006326851;YTME;632685;CH;CHF;XSWX;Bearer Share;0.42;Swiss Reporting Standard;Swiss GAAP FER;30.06.2025;31.12.;Berney Associés Audit SA - CH[501382];No;;TRUE;
Ypsomed Holding AG;CH0019396990;YPSN;1939699;CH;CHF;XSWX;Registered Share;14.15;Swiss Reporting Standard;Swiss GAAP FER;02.07.2025;31.03.;PricewaterhouseCoopers AG - CH[500003];No;;TRUE;Up
Zehnder Group AG;CH0276534614;ZEHN;27653461;CH;CHF;XSWX;Registered Share;0.05;Swiss Reporting Standard;Swiss GAAP FER;03.04.2025;31.12.;PricewaterhouseCoopers AG - CH[500003];No;;TRUE;Out
Zhejiang HangKe Technology Incorporated Company;US98955P2020;ZHT;123489684;10;USD;XSWX;Bearer Share;1.00;Standard for Depository Receipts;China;;31.12.;Pan-China Certified Public Accountants LLP - CN;No;;TRUE;
Zhejiang Huayou Cobalt Co., Ltd.;US98955Q1013;HUAYO;124566121;10;USD;XSWX;Bearer Share;1.00;Standard for Depository Receipts;China;;31.12.;Pan-China Certified Public Accountants LLP - CN;No;;TRUE;
Zimmer Biomet Holdings Inc.;US98956P1021;ZBH;1262932;US;CHF;XSWX;Registered Share;0.01;International Reporting Standard;;;;PricewaterhouseCoopers LLP - US;No;;FALSE;
Züblin Immobilien Holding AG;CH0312309682;ZUBN;31230968;CH;CHF;XSWX;Registered Share;22.50;Standard for Real Estate Companies;IFRS;26.06.2025;31.03.;SWA Swiss Auditors AG - CH[504689];No;;TRUE;
Zug Estates Holding AG;CH0148052126;ZUGN;14805212;CH;CHF;XSWX;Registered Share;25.00;Standard for Real Estate Companies;Swiss GAAP FER;10.04.2025;31.12.;KPMG AG - CH[501403];No;;TRUE;Out
Zuger Kantonalbank AG;CH0493891243;ZUGER;49389124;CH;CHF;XSWX;Registered Share;500.00;Swiss Reporting Standard;Bank law;10.05.2025;31.12.;PricewaterhouseCoopers AG - CH[500003];Yes;Global Reporting Initiative (GRI);TRUE;
Zurich Insurance Group AG;CH0011075394;ZURN;1107539;CH;CHF;XSWX;Registered Share;0.10;International Reporting Standard;IFRS;09.04.2025;31.12.;Ernst & Young AG - CH[500646];No;;TRUE;
Zwahlen & Mayr SA;CH0002661731;ZWM;266173;CH;CHF;XSWX;Bearer Share;200.00;Swiss Reporting Standard;Swiss GAAP FER;29.04.2025;31.12.;FORVIS MAZARS SA - CH[500241];No;;TRUE;